{
    "timestamp": "2026-06-22T13:34:58.874755",
    "levels": {
        "Gamma Flip": 29473.667572042377,
        "Spot Price": 30869.0,
        "Daily High": 30869.019445642196,
        "Daily Low": 30868.980554357804,
        "Weekly High": 30869.042807600894,
        "Weekly Low": 30868.957192399106
    },
    "qqq_data": {
        "spot": 741.1599731445312,
        "flip": 707.6582547593304,
        "daily_em": 0.0004668868977751764,
        "weekly_em": 0.0010278039563438928
    }
}