{
    "timestamp": "2026-06-15T13:55:25.883797",
    "levels": {
        "Gamma Flip": 29886.619087101877,
        "Spot Price": 30724.0,
        "Daily High": 30731.57955244071,
        "Daily Low": 30716.42044755929,
        "Weekly High": 30740.685612774745,
        "Weekly Low": 30707.314387225255
    },
    "qqq_data": {
        "spot": 741.5477294921875,
        "flip": 721.3368873271146,
        "daily_em": 0.18293841631869454,
        "weekly_em": 0.402720292549699
    }
}