{
    "timestamp": "2026-04-30T10:06:27.372857",
    "levels": {
        "Gamma Flip": 0,
        "Spot Price": 27368.0,
        "Daily High": 27374.751633615328,
        "Daily Low": 27361.248366384672,
        "Weekly High": 27382.86303379831,
        "Weekly Low": 27353.13696620169
    },
    "qqq_data": {
        "spot": 661.5700073242188,
        "flip": 0,
        "daily_em": 0.1632080641750718,
        "weekly_em": 0.35928593170147766
    }
}