{
    "timestamp": "2026-04-06T09:09:55.870542",
    "levels": {
        "Gamma Flip": 0,
        "Spot Price": 24369.5,
        "Daily High": 24370.264921094396,
        "Daily Low": 24368.7350789056,
        "Weekly High": 24371.183895887545,
        "Weekly Low": 24367.81610411245
    },
    "qqq_data": {
        "spot": 584.97998046875,
        "flip": 0,
        "daily_em": 0.018361621160084128,
        "weekly_em": 0.04042123898347187
    }
}