{
    "timestamp": "2026-03-04T08:40:26.248312",
    "levels": {
        "Gamma Flip": 0,
        "Spot Price": 24638.25,
        "Daily High": 24644.328209475407,
        "Daily Low": 24632.171790524593,
        "Weekly High": 24651.63055913772,
        "Weekly Low": 24624.86944086228
    },
    "qqq_data": {
        "spot": 601.5800170898438,
        "flip": 0,
        "daily_em": 0.14840864753338665,
        "weekly_em": 0.32670652318007964
    }
}