{
    "timestamp": "2026-07-13T11:11:08.901744",
    "levels": {
        "Gamma Flip": 29808.630331188808,
        "Spot Price": 29785.5,
        "Daily High": 29792.848026273365,
        "Daily Low": 29778.15197372664,
        "Weekly High": 29801.675931496622,
        "Weekly Low": 29769.32406850338
    },
    "qqq_data": {
        "spot": 725.510009765625,
        "flip": 726.0734143351865,
        "daily_em": 0.17898194132530526,
        "weekly_em": 0.3940105157905762
    }
}