{
    "timestamp": "2026-06-10T11:38:54.040733",
    "levels": {
        "Gamma Flip": 28652.06555860603,
        "Spot Price": 28660.5,
        "Daily High": 28664.044272664112,
        "Daily Low": 28656.955727335884,
        "Weekly High": 28668.302355311098,
        "Weekly Low": 28652.6976446889
    },
    "qqq_data": {
        "spot": 707.8300170898438,
        "flip": 707.6217112055767,
        "daily_em": 0.08753310585688649,
        "weekly_em": 0.19269521791999214
    }
}