{
    "timestamp": "2026-05-20T10:50:36.474941",
    "levels": {
        "Gamma Flip": 0,
        "Spot Price": 29136.0,
        "Daily High": 29143.187795857066,
        "Daily Low": 29128.81220414293,
        "Weekly High": 29151.82320055347,
        "Weekly Low": 29120.176799446526
    },
    "qqq_data": {
        "spot": 701.530029296875,
        "flip": 0,
        "daily_em": 0.17306612569289753,
        "weekly_em": 0.3809874501595556
    }
}