{
    "timestamp": "2026-02-26T08:50:56.037647",
    "levels": {
        "Gamma Flip": 0,
        "Spot Price": 25353.25,
        "Daily High": 25359.504598617285,
        "Daily Low": 25346.995401382712,
        "Weekly High": 25367.01886186959,
        "Weekly Low": 25339.481138130406
    },
    "qqq_data": {
        "spot": 616.6799926757812,
        "flip": 0,
        "daily_em": 0.1521337828284998,
        "weekly_em": 0.3349070291537496
    }
}