{
    "timestamp": "2026-04-03T08:56:02.290666",
    "levels": {
        "Gamma Flip": 24001.72495772506,
        "Spot Price": 24151.5,
        "Daily High": 24407.989146389617,
        "Daily Low": 23895.010853610387,
        "Weekly High": 24716.134734182368,
        "Weekly Low": 23586.865265817636
    },
    "qqq_data": {
        "spot": 584.97998046875,
        "flip": 581.3522388665845,
        "daily_em": 6.212492633809274,
        "weekly_em": 13.67616983516464
    }
}