{
    "timestamp": "2026-03-03T08:42:29.435379",
    "levels": {
        "Gamma Flip": 0,
        "Spot Price": 24585.75,
        "Daily High": 24585.765487566736,
        "Daily Low": 24585.734512433264,
        "Weekly High": 24585.784094300874,
        "Weekly Low": 24585.715905699126
    },
    "qqq_data": {
        "spot": 608.0900268554688,
        "flip": 0,
        "daily_em": 0.00038306071090432354,
        "weekly_em": 0.0008432691430483336
    }
}