{
    "timestamp": "2026-02-20T08:41:42.757946",
    "levels": {
        "Gamma Flip": 0,
        "Spot Price": 24927.75,
        "Daily High": 24927.765703006484,
        "Daily Low": 24927.734296993513,
        "Weekly High": 24927.78456856954,
        "Weekly Low": 24927.71543143046
    },
    "qqq_data": {
        "spot": 603.469970703125,
        "flip": 0,
        "daily_em": 0.0003801503490895008,
        "weekly_em": 0.000836862277912642
    }
}