{
    "timestamp": "2026-04-08T09:02:17.978680",
    "levels": {
        "Gamma Flip": 0,
        "Spot Price": 25188.25,
        "Daily High": 25194.4638934307,
        "Daily Low": 25182.036106569303,
        "Weekly High": 25201.929253546852,
        "Weekly Low": 25174.57074645315
    },
    "qqq_data": {
        "spot": 588.5900268554688,
        "flip": 0,
        "daily_em": 0.14520404161665193,
        "weekly_em": 0.31965190962069673
    }
}