{
    "timestamp": "2026-05-11T11:21:29.023937",
    "levels": {
        "Gamma Flip": 27407.877667482524,
        "Spot Price": 29333.5,
        "Daily High": 29333.518478368114,
        "Daily Low": 29333.48152163189,
        "Weekly High": 29333.54067824552,
        "Weekly Low": 29333.459321754486
    },
    "qqq_data": {
        "spot": 711.22998046875,
        "flip": 664.5406889097272,
        "daily_em": 0.00044803277459372354,
        "weekly_em": 0.0009862985243182041
    }
}