{
    "timestamp": "2026-05-13T10:28:20.205196",
    "levels": {
        "Gamma Flip": 0,
        "Spot Price": 29405.25,
        "Daily High": 29405.268523566367,
        "Daily Low": 29405.23147643363,
        "Weekly High": 29405.29077774486,
        "Weekly Low": 29405.209222255136
    },
    "qqq_data": {
        "spot": 707.239990234375,
        "flip": 0,
        "daily_em": 0.0004455193169999777,
        "weekly_em": 0.0009807654034033426
    }
}