{
    "timestamp": "2026-01-28T08:34:36.027754",
    "levels": {
        "Gamma Flip": 0,
        "Spot Price": 26316.75,
        "Daily High": 26316.76657799424,
        "Daily Low": 26316.733422005756,
        "Weekly High": 26316.786494765973,
        "Weekly Low": 26316.713505234024
    },
    "qqq_data": {
        "spot": 631.1300048828125,
        "flip": 0,
        "daily_em": 0.0003975745328264055,
        "weekly_em": 0.000875219843880315
    }
}