{
    "timestamp": "2026-05-05T10:03:21.831024",
    "levels": {
        "Gamma Flip": 0,
        "Spot Price": 27934.0,
        "Daily High": 27935.736013759546,
        "Daily Low": 27932.263986240458,
        "Weekly High": 27937.82165749099,
        "Weekly Low": 27930.178342509018
    },
    "qqq_data": {
        "spot": 672.8800048828125,
        "flip": 0,
        "daily_em": 0.041817460693001365,
        "weekly_em": 0.09205688090484516
    }
}