{
    "timestamp": "2026-04-21T09:27:18.694625",
    "levels": {
        "Gamma Flip": 0,
        "Spot Price": 26815.0,
        "Daily High": 26818.31605071399,
        "Daily Low": 26811.683949286013,
        "Weekly High": 26822.299947930675,
        "Weekly Low": 26807.700052069325
    },
    "qqq_data": {
        "spot": 646.7899780273438,
        "flip": 0,
        "daily_em": 0.07998464920519845,
        "weekly_em": 0.17607805935789583
    }
}