{
    "timestamp": "2026-03-27T08:54:57.324640",
    "levels": {
        "Gamma Flip": 0,
        "Spot Price": 23797.5,
        "Daily High": 23800.442894531647,
        "Daily Low": 23794.557105468357,
        "Weekly High": 23803.978482598555,
        "Weekly Low": 23791.02151740145
    },
    "qqq_data": {
        "spot": 573.7899780273438,
        "flip": 0,
        "daily_em": 0.07095717569704733,
        "weekly_em": 0.15620499581363823
    }
}