{
    "timestamp": "2026-04-20T09:59:20.545578",
    "levels": {
        "Gamma Flip": 26260.390765438122,
        "Spot Price": 26700.5,
        "Daily High": 27063.517214915093,
        "Daily Low": 26337.48278508491,
        "Weekly High": 27499.645427915475,
        "Weekly Low": 25901.35457208453
    },
    "qqq_data": {
        "spot": 648.8499755859375,
        "flip": 638.1548625318516,
        "daily_em": 8.821696636202763,
        "weekly_em": 19.42006671757343
    }
}