{
    "timestamp": "2026-04-01T09:05:50.752950",
    "levels": {
        "Gamma Flip": 0,
        "Spot Price": 24065.75,
        "Daily High": 24065.76515999753,
        "Daily Low": 24065.73484000247,
        "Weekly High": 24065.783373190618,
        "Weekly Low": 24065.716626809382
    },
    "qqq_data": {
        "spot": 577.1799926757812,
        "flip": 0,
        "daily_em": 0.00036358921960528555,
        "weekly_em": 0.0008004046379863307
    }
}