{
    "timestamp": "2026-03-02T08:47:58.899555",
    "levels": {
        "Gamma Flip": 0,
        "Spot Price": 24534.0,
        "Daily High": 24534.0154549673,
        "Daily Low": 24533.9845450327,
        "Weekly High": 24534.034022536533,
        "Weekly Low": 24533.965977463464
    },
    "qqq_data": {
        "spot": 607.2899780273438,
        "flip": 0,
        "daily_em": 0.00038255672751481704,
        "weekly_em": 0.0008421596749434569
    }
}