{
    "timestamp": "2026-07-21T10:25:05.478483",
    "levels": {
        "Gamma Flip": 0,
        "Spot Price": 29173.25,
        "Daily High": 29173.268377420103,
        "Daily Low": 29173.231622579897,
        "Weekly High": 29173.29045601875,
        "Weekly Low": 29173.20954398125
    },
    "qqq_data": {
        "spot": 696.0599975585938,
        "flip": 0,
        "daily_em": 0.0004384765836000632,
        "weekly_em": 0.0009652615430757114
    }
}