{
    "timestamp": "2026-06-29T12:35:07.881825",
    "levels": {
        "Gamma Flip": 28677.936439903202,
        "Spot Price": 29717.25,
        "Daily High": 29724.581189128003,
        "Daily Low": 29709.918810871997,
        "Weekly High": 29733.38886623585,
        "Weekly Low": 29701.111133764152
    },
    "qqq_data": {
        "spot": 706.52001953125,
        "flip": 681.8106054105396,
        "daily_em": 0.17429714680538538,
        "weekly_em": 0.3836974177679573
    }
}