{
    "timestamp": "2026-03-19T08:43:03.359182",
    "levels": {
        "Gamma Flip": 0,
        "Spot Price": 24543.75,
        "Daily High": 24545.275319958146,
        "Daily Low": 24542.22468004185,
        "Weekly High": 24547.10783654487,
        "Weekly Low": 24540.392163455126
    },
    "qqq_data": {
        "spot": 594.9000244140625,
        "flip": 0,
        "daily_em": 0.036971240349953895,
        "weekly_em": 0.08138842037268225
    }
}