{
    "timestamp": "2026-03-20T08:41:44.200553",
    "levels": {
        "Gamma Flip": 0,
        "Spot Price": 24581.5,
        "Daily High": 24581.51548488949,
        "Daily Low": 24581.48451511051,
        "Weekly High": 24581.534088407185,
        "Weekly Low": 24581.46591159282
    },
    "qqq_data": {
        "spot": 593.02001953125,
        "flip": 0,
        "daily_em": 0.0003735674986100843,
        "weekly_em": 0.0008223708029986841
    }
}