{
    "timestamp": "2026-07-20T10:52:17.058254",
    "levels": {
        "Gamma Flip": 28955.082231605254,
        "Spot Price": 28967.0,
        "Daily High": 28967.01824749482,
        "Daily Low": 28966.981752505184,
        "Weekly High": 28967.040170001463,
        "Weekly Low": 28966.95982999854
    },
    "qqq_data": {
        "spot": 695.3300170898438,
        "flip": 695.0439404474026,
        "daily_em": 0.00043801673912809966,
        "weekly_em": 0.0009642492423025708
    }
}