{
    "timestamp": "2026-05-28T11:38:30.839270",
    "levels": {
        "Gamma Flip": 29875.538229989124,
        "Spot Price": 29893.5,
        "Daily High": 29893.51883113496,
        "Daily Low": 29893.481168865044,
        "Weekly High": 29893.54145482579,
        "Weekly Low": 29893.458545174213
    },
    "qqq_data": {
        "spot": 729.4500122070312,
        "flip": 729.0117158096975,
        "daily_em": 0.000459510315750675,
        "weekly_em": 0.0010115651622693404
    }
}