{
    "timestamp": "2026-02-06T08:42:38.354534",
    "levels": {
        "Gamma Flip": 0,
        "Spot Price": 24551.25,
        "Daily High": 24551.265465833778,
        "Daily Low": 24551.234534166222,
        "Weekly High": 24551.284046457982,
        "Weekly Low": 24551.215953542018
    },
    "qqq_data": {
        "spot": 597.030029296875,
        "flip": 0,
        "daily_em": 0.0003760935673231282,
        "weekly_em": 0.0008279316860083274
    }
}