{
    "timestamp": "2026-07-08T10:18:27.716413",
    "levels": {
        "Gamma Flip": 0,
        "Spot Price": 28939.75,
        "Daily High": 28939.76823032893,
        "Daily Low": 28939.731769671067,
        "Weekly High": 28939.790132212507,
        "Weekly Low": 28939.70986778749
    },
    "qqq_data": {
        "spot": 709.4299926757812,
        "flip": 0,
        "daily_em": 0.00044689888886440275,
        "weekly_em": 0.000983802390363297
    }
}