{
    "timestamp": "2026-04-22T09:21:21.951213",
    "levels": {
        "Gamma Flip": 0,
        "Spot Price": 26839.75,
        "Daily High": 26839.76690745327,
        "Daily Low": 26839.733092546725,
        "Weekly High": 26839.787220036476,
        "Weekly Low": 26839.71277996352
    },
    "qqq_data": {
        "spot": 644.3300170898438,
        "flip": 0,
        "daily_em": 0.00040588975892231533,
        "weekly_em": 0.0008935249672838542
    }
}