{
    "timestamp": "2026-04-02T08:58:24.598306",
    "levels": {
        "Gamma Flip": 0,
        "Spot Price": 23845.5,
        "Daily High": 23845.515021253068,
        "Daily Low": 23845.484978746936,
        "Weekly High": 23845.533067758824,
        "Weekly Low": 23845.46693224118
    },
    "qqq_data": {
        "spot": 584.3099975585938,
        "flip": 0,
        "daily_em": 0.00036808070050209466,
        "weekly_em": 0.0008102921757552879
    }
}