{
    "timestamp": "2026-04-16T09:20:33.150782",
    "levels": {
        "Gamma Flip": 0,
        "Spot Price": 26453.25,
        "Daily High": 26453.26666398116,
        "Daily Low": 26453.23333601884,
        "Weekly High": 26453.286684057413,
        "Weekly Low": 26453.213315942587
    },
    "qqq_data": {
        "spot": 637.4000244140625,
        "flip": 0,
        "daily_em": 0.0004015242738728829,
        "weekly_em": 0.000883914796541116
    }
}