{
    "timestamp": "2026-06-12T11:43:14.439918",
    "levels": {
        "Gamma Flip": 29584.614966108733,
        "Spot Price": 29611.25,
        "Daily High": 29611.26865333417,
        "Daily Low": 29611.231346665834,
        "Weekly High": 29611.29106341547,
        "Weekly Low": 29611.208936584535
    },
    "qqq_data": {
        "spot": 717.1199951171875,
        "flip": 716.4749525953739,
        "daily_em": 0.00045174313506474574,
        "weekly_em": 0.0009944665050213484
    }
}