{
    "timestamp": "2026-04-27T10:16:17.600487",
    "levels": {
        "Gamma Flip": 0,
        "Spot Price": 27456.5,
        "Daily High": 27456.517295969257,
        "Daily Low": 27456.482704030746,
        "Weekly High": 27456.538075314842,
        "Weekly Low": 27456.461924685158
    },
    "qqq_data": {
        "spot": 663.8800048828125,
        "flip": 0,
        "daily_em": 0.0004182050936448258,
        "weekly_em": 0.0009206359224462556
    }
}