{
    "timestamp": "2026-04-17T09:18:50.852214",
    "levels": {
        "Gamma Flip": 0,
        "Spot Price": 26521.25,
        "Daily High": 26521.266706817136,
        "Daily Low": 26521.233293182864,
        "Weekly High": 26521.286778356447,
        "Weekly Low": 26521.213221643553
    },
    "qqq_data": {
        "spot": 640.469970703125,
        "flip": 0,
        "daily_em": 0.00040345815825840317,
        "weekly_em": 0.0008881720460634757
    }
}