{
    "timestamp": "2026-06-11T12:09:47.010143",
    "levels": {
        "Gamma Flip": 28926.82458051776,
        "Spot Price": 28901.0,
        "Daily High": 28908.12982180344,
        "Daily Low": 28893.870178196557,
        "Weekly High": 28916.695576578662,
        "Weekly Low": 28885.304423421338
    },
    "qqq_data": {
        "spot": 693.6900024414062,
        "flip": 694.3098513505241,
        "daily_em": 0.17113200595954245,
        "weekly_em": 0.376729682542906
    }
}