{
    "timestamp": "2026-06-24T10:50:22.214491",
    "levels": {
        "Gamma Flip": 0,
        "Spot Price": 29824.0,
        "Daily High": 29831.357524150233,
        "Daily Low": 29816.64247584977,
        "Weekly High": 29840.196840105258,
        "Weekly Low": 29807.803159894745
    },
    "qqq_data": {
        "spot": 713.6500244140625,
        "flip": 0,
        "daily_em": 0.17605610546675096,
        "weekly_em": 0.3875695861235308
    }
}