{
    "timestamp": "2026-02-23T08:52:39.866342",
    "levels": {
        "Gamma Flip": 0,
        "Spot Price": 24882.5,
        "Daily High": 24885.577069994062,
        "Daily Low": 24879.422930005938,
        "Weekly High": 24889.273856214244,
        "Weekly Low": 24875.726143785752
    },
    "qqq_data": {
        "spot": 608.8099975585938,
        "flip": 0,
        "daily_em": 0.07528789211585958,
        "weekly_em": 0.16573862695700362
    }
}