{
    "timestamp": "2026-02-17T08:49:40.903662",
    "levels": {
        "Gamma Flip": 0,
        "Spot Price": 24657.75,
        "Daily High": 24659.282404713947,
        "Daily Low": 24656.217595286056,
        "Weekly High": 24661.123432913242,
        "Weekly Low": 24654.37656708676
    },
    "qqq_data": {
        "spot": 601.9199829101562,
        "flip": 0,
        "daily_em": 0.03740750957529374,
        "weekly_em": 0.08234882264135185
    }
}