{
    "timestamp": "2026-05-04T10:14:14.825810",
    "levels": {
        "Gamma Flip": 0,
        "Spot Price": 27779.5,
        "Daily High": 27779.51749944013,
        "Daily Low": 27779.48250055987,
        "Weekly High": 27779.538523235253,
        "Weekly Low": 27779.46147676475
    },
    "qqq_data": {
        "spot": 674.1500244140625,
        "flip": 0,
        "daily_em": 0.0004246745978446981,
        "weekly_em": 0.000934877877069309
    }
}