{
    "timestamp": "2026-07-23T10:22:47.850637",
    "levels": {
        "Gamma Flip": 0,
        "Spot Price": 29043.75,
        "Daily High": 29043.768295842772,
        "Daily Low": 29043.731704157228,
        "Weekly High": 29043.790276434556,
        "Weekly Low": 29043.70972356544
    },
    "qqq_data": {
        "spot": 705.3499755859375,
        "flip": 0,
        "daily_em": 0.00044432871968235035,
        "weekly_em": 0.0009781444246624506
    }
}