{
    "timestamp": "2026-02-25T08:51:24.258576",
    "levels": {
        "Gamma Flip": 0,
        "Spot Price": 25072.5,
        "Daily High": 25075.600566157987,
        "Daily Low": 25069.399433842013,
        "Weekly High": 25079.325580626213,
        "Weekly Low": 25065.674419373787
    },
    "qqq_data": {
        "spot": 607.8699951171875,
        "flip": 0,
        "daily_em": 0.07517164763452544,
        "weekly_em": 0.16548272657001972
    }
}