{
    "timestamp": "2026-05-06T10:19:19.811420",
    "levels": {
        "Gamma Flip": 0,
        "Spot Price": 28505.25,
        "Daily High": 28512.282191030157,
        "Daily Low": 28498.217808969846,
        "Weekly High": 28520.730652374277,
        "Weekly Low": 28489.769347625726
    },
    "qqq_data": {
        "spot": 681.6099853515625,
        "flip": 0,
        "daily_em": 0.16815188868909767,
        "weekly_em": 0.3701692578757592
    }
}