{
    "timestamp": "2026-03-24T08:54:39.355748",
    "levels": {
        "Gamma Flip": 0,
        "Spot Price": 24396.25,
        "Daily High": 24396.359167260805,
        "Daily Low": 24396.1408327392,
        "Weekly High": 24396.49032060675,
        "Weekly Low": 24396.009679393253
    },
    "qqq_data": {
        "spot": 588.0,
        "flip": 0,
        "daily_em": 0.0026311564011833643,
        "weekly_em": 0.0057922228526491
    }
}