{
    "timestamp": "2026-05-27T11:38:04.777839",
    "levels": {
        "Gamma Flip": 30242.477129701478,
        "Spot Price": 30272.75,
        "Daily High": 30272.769070039998,
        "Daily Low": 30272.73092996,
        "Weekly High": 30272.79198075091,
        "Weekly Low": 30272.708019249087
    },
    "qqq_data": {
        "spot": 730.280029296875,
        "flip": 729.5497463655753,
        "daily_em": 0.00046003317737059406,
        "weekly_em": 0.0010127161888758569
    }
}