{
    "timestamp": "2026-03-18T08:52:02.786706",
    "levels": {
        "Gamma Flip": 0,
        "Spot Price": 25162.75,
        "Daily High": 25162.76585104257,
        "Daily Low": 25162.734148957425,
        "Weekly High": 25162.784894455905,
        "Weekly Low": 25162.71510554409
    },
    "qqq_data": {
        "spot": 603.3099975585938,
        "flip": 0,
        "daily_em": 0.0003800495754807202,
        "weekly_em": 0.0008366404350759863
    }
}