{
    "timestamp": "2026-07-01T11:23:22.536482",
    "levels": {
        "Gamma Flip": 30386.258127703288,
        "Spot Price": 30416.5,
        "Daily High": 30416.519160593987,
        "Daily Low": 30416.48083940601,
        "Weekly High": 30416.542180096294,
        "Weekly Low": 30416.457819903702
    },
    "qqq_data": {
        "spot": 736.4000244140625,
        "flip": 735.6678522214163,
        "daily_em": 0.0004638884119194054,
        "weekly_em": 0.0010212030951068601
    }
}