{
    "timestamp": "2026-07-02T10:40:53.067476",
    "levels": {
        "Gamma Flip": 0,
        "Spot Price": 29950.0,
        "Daily High": 29950.018866726616,
        "Daily Low": 29949.981133273388,
        "Weekly High": 29950.041533177195,
        "Weekly Low": 29949.958466822805
    },
    "qqq_data": {
        "spot": 725.1699829101562,
        "flip": 0,
        "daily_em": 0.00045681415072124597,
        "weekly_em": 0.0010056298295422746
    }
}