{
    "timestamp": "2026-05-21T11:26:13.704757",
    "levels": {
        "Gamma Flip": 29293.688456829637,
        "Spot Price": 29265.75,
        "Daily High": 29265.768435689628,
        "Daily Low": 29265.731564310376,
        "Weekly High": 29265.79058429317,
        "Weekly Low": 29265.709415706835
    },
    "qqq_data": {
        "spot": 713.1500244140625,
        "flip": 713.8308308574356,
        "daily_em": 0.00044924228859029785,
        "weekly_em": 0.0009889611462012688
    }
}