{
    "timestamp": "2026-07-15T10:02:37.202027",
    "levels": {
        "Gamma Flip": 0,
        "Spot Price": 29929.25,
        "Daily High": 29932.951171390327,
        "Daily Low": 29925.548828609677,
        "Weekly High": 29937.397751877834,
        "Weekly Low": 29921.102248122166
    },
    "qqq_data": {
        "spot": 719.7100219726562,
        "flip": 0,
        "daily_em": 0.08900223502615082,
        "weekly_em": 0.19592935616577603
    }
}