{
    "timestamp": "2026-06-18T11:50:23.783395",
    "levels": {
        "Gamma Flip": 30402.228439119215,
        "Spot Price": 30373.75,
        "Daily High": 30381.243146431,
        "Daily Low": 30366.256853568997,
        "Weekly High": 30390.2453987442,
        "Weekly Low": 30357.254601255794
    },
    "qqq_data": {
        "spot": 722.510009765625,
        "flip": 723.1874354152776,
        "daily_em": 0.17824184702371268,
        "weekly_em": 0.39238127355895824
    }
}