{
    "timestamp": "2026-05-14T10:16:49.875142",
    "levels": {
        "Gamma Flip": 0,
        "Spot Price": 29559.25,
        "Daily High": 29562.90541570268,
        "Daily Low": 29555.59458429732,
        "Weekly High": 29567.297025391377,
        "Weekly Low": 29551.20297460862
    },
    "qqq_data": {
        "spot": 714.7100219726562,
        "flip": 0,
        "daily_em": 0.0883839149228528,
        "weekly_em": 0.19456818742986798
    }
}