{
    "timestamp": "2026-07-16T10:08:34.108395",
    "levels": {
        "Gamma Flip": 0,
        "Spot Price": 29540.5,
        "Daily High": 29569.594514657354,
        "Daily Low": 29511.40548534265,
        "Weekly High": 29604.54861094888,
        "Weekly Low": 29476.45138905112
    },
    "qqq_data": {
        "spot": 717.739990234375,
        "flip": 0,
        "daily_em": 0.7069039679776,
        "weekly_em": 1.556177092363897
    }
}