{
    "timestamp": "2026-04-07T09:03:55.425631",
    "levels": {
        "Gamma Flip": 0,
        "Spot Price": 24347.25,
        "Daily High": 24347.265337325858,
        "Daily Low": 24347.234662674142,
        "Weekly High": 24347.28376356088,
        "Weekly Low": 24347.216236439115
    },
    "qqq_data": {
        "spot": 588.5,
        "flip": 0,
        "daily_em": 0.0003707201539432171,
        "weekly_em": 0.0008161026636963686
    }
}