{
    "timestamp": "2026-02-24T08:51:07.610418",
    "levels": {
        "Gamma Flip": 0,
        "Spot Price": 24791.5,
        "Daily High": 24791.515617177058,
        "Daily Low": 24791.484382822946,
        "Weekly High": 24791.534379624787,
        "Weekly Low": 24791.465620375217
    },
    "qqq_data": {
        "spot": 601.4099731445312,
        "flip": 0,
        "daily_em": 0.00037885267260344386,
        "weekly_em": 0.0008340055752877034
    }
}