{
    "timestamp": "2026-05-12T10:31:49.665513",
    "levels": {
        "Gamma Flip": 0,
        "Spot Price": 29224.25,
        "Daily High": 29253.033039216505,
        "Daily Low": 29195.4669607835,
        "Weekly High": 29287.612929487415,
        "Weekly Low": 29160.887070512592
    },
    "qqq_data": {
        "spot": 713.2899780273438,
        "flip": 0,
        "daily_em": 0.7025211394749385,
        "weekly_em": 1.5465287417751825
    }
}