{
    "timestamp": "2026-02-18T08:48:18.855224",
    "levels": {
        "Gamma Flip": 0,
        "Spot Price": 24906.5,
        "Daily High": 24906.515689620246,
        "Daily Low": 24906.484310379754,
        "Weekly High": 24906.534539101092,
        "Weekly Low": 24906.465460898908
    },
    "qqq_data": {
        "spot": 601.2999877929688,
        "flip": 0,
        "daily_em": 0.00037878338834437374,
        "weekly_em": 0.0008338530530474694
    }
}