{
    "timestamp": "2026-07-09T10:54:31.093080",
    "levels": {
        "Gamma Flip": 0,
        "Spot Price": 29639.0,
        "Daily High": 29639.018670815025,
        "Daily Low": 29638.98132918497,
        "Weekly High": 29639.04110189779,
        "Weekly Low": 29638.95889810221
    },
    "qqq_data": {
        "spot": 711.4400024414062,
        "flip": 0,
        "daily_em": 0.0004481650760007492,
        "weekly_em": 0.000986589772391814
    }
}