{
    "timestamp": "2026-03-05T08:42:42.179447",
    "levels": {
        "Gamma Flip": 0,
        "Spot Price": 25015.25,
        "Daily High": 25018.3434863928,
        "Daily Low": 25012.156513607195,
        "Weekly High": 25022.059995244184,
        "Weekly Low": 25008.440004755816
    },
    "qqq_data": {
        "spot": 610.75,
        "flip": 0,
        "daily_em": 0.07552780061785332,
        "weekly_em": 0.1662667610911691
    }
}