{
    "timestamp": "2026-06-09T11:15:33.768594",
    "levels": {
        "Gamma Flip": 29680.625471693762,
        "Spot Price": 29691.25,
        "Daily High": 29691.268703729434,
        "Daily Low": 29691.23129627057,
        "Weekly High": 29691.291174355505,
        "Weekly Low": 29691.2088256445
    },
    "qqq_data": {
        "spot": 716.0700073242188,
        "flip": 715.8137733811525,
        "daily_em": 0.00045108170492668645,
        "weekly_em": 0.0009930104339343638
    }
}