{
    "timestamp": "2026-03-17T08:55:06.736971",
    "levels": {
        "Gamma Flip": 0,
        "Spot Price": 24788.0,
        "Daily High": 24788.015614972257,
        "Daily Low": 24787.98438502774,
        "Weekly High": 24788.03437477116,
        "Weekly Low": 24787.965625228837
    },
    "qqq_data": {
        "spot": 600.3800048828125,
        "flip": 0,
        "daily_em": 0.00037820385358468256,
        "weekly_em": 0.0008325772662955006
    }
}