{
    "timestamp": "2026-03-12T08:43:22.206973",
    "levels": {
        "Gamma Flip": 0,
        "Spot Price": 24865.0,
        "Daily High": 24871.1341482697,
        "Daily Low": 24858.865851730305,
        "Weekly High": 24878.503702696395,
        "Weekly Low": 24851.49629730361
    },
    "qqq_data": {
        "spot": 607.6900024414062,
        "flip": 0,
        "daily_em": 0.1499159693138885,
        "weekly_em": 0.3300247385698573
    }
}