{
    "timestamp": "2026-06-03T12:42:00.586935",
    "levels": {
        "Gamma Flip": 30710.076397419543,
        "Spot Price": 30738.5,
        "Daily High": 30738.519363434923,
        "Daily Low": 30738.480636565073,
        "Weekly High": 30738.54262662995,
        "Weekly Low": 30738.457373370045
    },
    "qqq_data": {
        "spot": 746.1599731445312,
        "flip": 745.4700060173747,
        "daily_em": 0.0004700366017169199,
        "weekly_em": 0.0010347377087967082
    }
}