{
    "timestamp": "2026-02-13T08:43:29.679273",
    "levels": {
        "Gamma Flip": 0,
        "Spot Price": 24753.25,
        "Daily High": 24759.356579756968,
        "Daily Low": 24747.143420243032,
        "Weekly High": 24766.693013423264,
        "Weekly Low": 24739.806986576736
    },
    "qqq_data": {
        "spot": 600.6400146484375,
        "flip": 0,
        "daily_em": 0.14817675071659736,
        "weekly_em": 0.32619602595495867
    }
}