{
    "timestamp": "2026-07-22T10:24:56.269496",
    "levels": {
        "Gamma Flip": 0,
        "Spot Price": 29123.25,
        "Daily High": 29124.164133989718,
        "Daily Low": 29122.335866010282,
        "Weekly High": 29125.262372880323,
        "Weekly Low": 29121.237627119677
    },
    "qqq_data": {
        "spot": 708.969970703125,
        "flip": 0,
        "daily_em": 0.02225347610271279,
        "weekly_em": 0.04898876128193752
    }
}