{
    "timestamp": "2026-04-15T09:20:38.646467",
    "levels": {
        "Gamma Flip": 0,
        "Spot Price": 26002.75,
        "Daily High": 26009.164829033576,
        "Daily Low": 25996.33517096642,
        "Weekly High": 26016.87159281273,
        "Weekly Low": 25988.628407187265
    },
    "qqq_data": {
        "spot": 628.5999755859375,
        "flip": 0,
        "daily_em": 0.15507441997079566,
        "weekly_em": 0.3413805423395467
    }
}