{
    "timestamp": "2026-06-25T10:42:15.361066",
    "levels": {
        "Gamma Flip": 0,
        "Spot Price": 30163.25,
        "Daily High": 30170.691216480835,
        "Daily Low": 30155.80878351916,
        "Weekly High": 30179.631080247615,
        "Weekly Low": 30146.86891975238
    },
    "qqq_data": {
        "spot": 710.6199951171875,
        "flip": 0,
        "daily_em": 0.17530860299465906,
        "weekly_em": 0.385924035559028
    }
}