{
    "timestamp": "2026-01-07T22:51:18.909343",
    "levels": {
        "Gamma Flip": 25812.38120074178,
        "Spot Price": 25831.25,
        "Daily High": 25842.38970642285,
        "Daily Low": 25820.11029357715,
        "Weekly High": 25855.772929190076,
        "Weekly Low": 25806.727070809924
    },
    "qqq_data": {
        "spot": 624.02001953125,
        "flip": 623.5641953461391,
        "daily_em": 0.2691081468979949,
        "weekly_em": 0.5924141786461554
    }
}