{
    "timestamp": "2026-07-10T10:54:29.526249",
    "levels": {
        "Gamma Flip": 0,
        "Spot Price": 29858.25,
        "Daily High": 29858.26880892954,
        "Daily Low": 29858.231191070456,
        "Weekly High": 29858.291405942833,
        "Weekly Low": 29858.208594057163
    },
    "qqq_data": {
        "spot": 723.280029296875,
        "flip": 0,
        "daily_em": 0.00045562359185215306,
        "weekly_em": 0.0010030089354419154
    }
}