{
    "timestamp": "2026-07-14T09:58:15.744932",
    "levels": {
        "Gamma Flip": 0,
        "Spot Price": 29614.75,
        "Daily High": 29618.41227905583,
        "Daily Low": 29611.087720944168,
        "Weekly High": 29622.812134364343,
        "Weekly Low": 29606.687865635653
    },
    "qqq_data": {
        "spot": 711.739990234375,
        "flip": 0,
        "daily_em": 0.08801662885661031,
        "weekly_em": 0.19375964456050734
    }
}