{
    "timestamp": "2026-03-10T08:43:31.464794",
    "levels": {
        "Gamma Flip": 0,
        "Spot Price": 25118.5,
        "Daily High": 25121.606254702943,
        "Daily Low": 25115.393745297064,
        "Weekly High": 25125.338103378584,
        "Weekly Low": 25111.66189662142
    },
    "qqq_data": {
        "spot": 607.760009765625,
        "flip": 0,
        "daily_em": 0.07515804640373755,
        "weekly_em": 0.16545278484562878
    }
}