{
    "timestamp": "2026-03-26T08:57:53.712853",
    "levels": {
        "Gamma Flip": 0,
        "Spot Price": 24174.5,
        "Daily High": 24177.489515867434,
        "Daily Low": 24171.510484132563,
        "Weekly High": 24181.081114721237,
        "Weekly Low": 24167.91888527876
    },
    "qqq_data": {
        "spot": 587.8200073242188,
        "flip": 0,
        "daily_em": 0.07269218552987093,
        "weekly_em": 0.16002444326219428
    }
}