{
    "timestamp": "2026-05-01T09:46:40.891466",
    "levels": {
        "Gamma Flip": 0,
        "Spot Price": 27562.0,
        "Daily High": 27565.408427737417,
        "Daily Low": 27558.59157226258,
        "Weekly High": 27569.503306539817,
        "Weekly Low": 27554.49669346018
    },
    "qqq_data": {
        "spot": 667.739990234375,
        "flip": 0,
        "daily_em": 0.08257541194758772,
        "weekly_em": 0.18178135968451645
    }
}