{
    "timestamp": "2026-06-04T11:15:04.092754",
    "levels": {
        "Gamma Flip": 30247.83505840328,
        "Spot Price": 30261.25,
        "Daily High": 30261.269062795684,
        "Daily Low": 30261.230937204324,
        "Weekly High": 30261.291964803284,
        "Weekly Low": 30261.208035196723
    },
    "qqq_data": {
        "spot": 744.2100219726562,
        "flip": 743.8801104858387,
        "daily_em": 0.0004688082479384675,
        "weekly_em": 0.0010320336130525366
    }
}