{
    "timestamp": "2026-02-04T08:43:10.780971",
    "levels": {
        "Gamma Flip": 0,
        "Spot Price": 25434.5,
        "Daily High": 25440.77464283795,
        "Daily Low": 25428.225357162046,
        "Weekly High": 25448.312987180027,
        "Weekly Low": 25420.68701281997
    },
    "qqq_data": {
        "spot": 616.52001953125,
        "flip": 0,
        "daily_em": 0.15209431775760798,
        "weekly_em": 0.3348201508194179
    }
}