{
    "timestamp": "2026-07-03T10:35:55.123722",
    "levels": {
        "Gamma Flip": 30308.22301240504,
        "Spot Price": 29871.25,
        "Daily High": 30163.675465767836,
        "Daily Low": 29578.824534232164,
        "Weekly High": 30514.9948814351,
        "Weekly Low": 29227.505118564895
    },
    "qqq_data": {
        "spot": 712.5999755859375,
        "flip": 723.0242784849305,
        "daily_em": 6.9760180697782825,
        "weekly_em": 15.356993322818026
    }
}