{
    "timestamp": "2026-05-22T10:51:16.826756",
    "levels": {
        "Gamma Flip": 0,
        "Spot Price": 29444.0,
        "Daily High": 29451.263778872028,
        "Daily Low": 29436.73622112797,
        "Weekly High": 29459.990469422588,
        "Weekly Low": 29428.009530577412
    },
    "qqq_data": {
        "spot": 714.510009765625,
        "flip": 0,
        "daily_em": 0.17626826221946582,
        "weekly_em": 0.38803662760797697
    }
}