{
    "timestamp": "2026-07-24T10:17:28.403172",
    "levels": {
        "Gamma Flip": 0,
        "Spot Price": 28672.5,
        "Daily High": 28673.39998564103,
        "Daily Low": 28671.60001435897,
        "Weekly High": 28674.481226731597,
        "Weekly Low": 28670.518773268406
    },
    "qqq_data": {
        "spot": 691.9600219726562,
        "flip": 0,
        "daily_em": 0.021719559994522134,
        "weekly_em": 0.04781339934531204
    }
}