{
    "timestamp": "2026-05-29T11:30:11.204994",
    "levels": {
        "Gamma Flip": 30394.12806033895,
        "Spot Price": 30364.5,
        "Daily High": 30371.99086447357,
        "Daily Low": 30357.00913552643,
        "Weekly High": 30380.990375247326,
        "Weekly Low": 30348.009624752678
    },
    "qqq_data": {
        "spot": 735.5999755859375,
        "flip": 736.3177348265635,
        "daily_em": 0.18147111672759766,
        "weekly_em": 0.3994901819339212
    }
}