{
    "timestamp": "2026-07-07T10:56:29.221561",
    "levels": {
        "Gamma Flip": 0,
        "Spot Price": 29648.5,
        "Daily High": 29652.166452716527,
        "Daily Low": 29644.833547283477,
        "Weekly High": 29656.571322253312,
        "Weekly Low": 29640.42867774669
    },
    "qqq_data": {
        "spot": 722.8200073242188,
        "flip": 0,
        "daily_em": 0.08938682831891752,
        "weekly_em": 0.19677599913171182
    }
}