{
    "timestamp": "2026-07-17T09:57:20.471632",
    "levels": {
        "Gamma Flip": 0,
        "Spot Price": 28700.25,
        "Daily High": 28702.033633883522,
        "Daily Low": 28698.46636611648,
        "Weekly High": 28704.17648834416,
        "Weekly Low": 28696.323511655843
    },
    "qqq_data": {
        "spot": 705.9400024414062,
        "flip": 0,
        "daily_em": 0.04387203972401,
        "weekly_em": 0.09657982739735681
    }
}