{
    "timestamp": "2026-06-02T12:04:13.843008",
    "levels": {
        "Gamma Flip": 27867.135034648923,
        "Spot Price": 30548.25,
        "Daily High": 30552.02771941912,
        "Daily Low": 30544.472280580885,
        "Weekly High": 30556.566264567344,
        "Weekly Low": 30539.93373543266
    },
    "qqq_data": {
        "spot": 742.739990234375,
        "flip": 677.552252698441,
        "daily_em": 0.09185021349705803,
        "weekly_em": 0.2021988907231373
    }
}