{
    "timestamp": "2026-06-08T12:29:10.446124",
    "levels": {
        "Gamma Flip": 29403.460423169992,
        "Spot Price": 29414.75,
        "Daily High": 29414.7685295508,
        "Daily Low": 29414.731470449195,
        "Weekly High": 29414.79079091899,
        "Weekly Low": 29414.709209081007
    },
    "qqq_data": {
        "spot": 705.0599975585938,
        "flip": 704.7893908387609,
        "daily_em": 0.00044414605069520164,
        "weekly_em": 0.000977742297490779
    }
}