{
    "timestamp": "2026-02-09T08:54:50.290561",
    "levels": {
        "Gamma Flip": 0,
        "Spot Price": 25173.0,
        "Daily High": 25179.210131284664,
        "Daily Low": 25166.78986871534,
        "Weekly High": 25186.67097156551,
        "Weekly Low": 25159.329028434495
    },
    "qqq_data": {
        "spot": 609.6500244140625,
        "flip": 0,
        "daily_em": 0.15039950301154154,
        "weekly_em": 0.3310891887607742
    }
}