{
    "timestamp": "2026-02-05T08:43:41.646052",
    "levels": {
        "Gamma Flip": 0,
        "Spot Price": 25098.25,
        "Daily High": 25101.353750506518,
        "Daily Low": 25095.14624949348,
        "Weekly High": 25105.082590645197,
        "Weekly Low": 25091.4174093548
    },
    "qqq_data": {
        "spot": 605.75,
        "flip": 0,
        "daily_em": 0.0749094805145553,
        "weekly_em": 0.16490559235526106
    }
}