{
    "timestamp": "2026-06-26T10:51:51.591143",
    "levels": {
        "Gamma Flip": 0,
        "Spot Price": 29350.75,
        "Daily High": 29350.768489234593,
        "Daily Low": 29350.731510765407,
        "Weekly High": 29350.790702166963,
        "Weekly Low": 29350.70929783304
    },
    "qqq_data": {
        "spot": 716.3800048828125,
        "flip": 0,
        "daily_em": 0.0004512769850331332,
        "weekly_em": 0.000993440323200817
    }
}