{
    "timestamp": "2026-05-19T11:18:03.712420",
    "levels": {
        "Gamma Flip": 28955.616548357328,
        "Spot Price": 28928.25,
        "Daily High": 28930.04780339513,
        "Daily Low": 28926.452196604867,
        "Weekly High": 28932.20768108089,
        "Weekly Low": 28924.292318919106
    },
    "qqq_data": {
        "spot": 705.8800048828125,
        "flip": 706.5477777100003,
        "daily_em": 0.04386831105689259,
        "weekly_em": 0.09657161911643604
    }
}