{
    "timestamp": "2026-06-05T11:28:37.886397",
    "levels": {
        "Gamma Flip": 28373.17191387807,
        "Spot Price": 30170.75,
        "Daily High": 30178.19306671659,
        "Daily Low": 30163.306933283406,
        "Weekly High": 30187.135153353196,
        "Weekly Low": 30154.3648466468
    },
    "qqq_data": {
        "spot": 740.6099853515625,
        "flip": 696.4843245698103,
        "daily_em": 0.1827070766204184,
        "weekly_em": 0.40221102176424617
    }
}