{
    "timestamp": "2026-04-09T09:09:10.075339",
    "levels": {
        "Gamma Flip": 0,
        "Spot Price": 24974.75,
        "Daily High": 24974.7657326137,
        "Daily Low": 24974.73426738629,
        "Weekly High": 24974.78463374681,
        "Weekly Low": 24974.715366253185
    },
    "qqq_data": {
        "spot": 606.0900268554688,
        "flip": 0,
        "daily_em": 0.0003818008293276261,
        "weekly_em": 0.0008404956420672075
    }
}