{
    "timestamp": "2026-06-19T12:05:53.502231",
    "levels": {
        "Gamma Flip": 30503.191782561193,
        "Spot Price": 30571.0,
        "Daily High": 30811.740848687463,
        "Daily Low": 30330.259151312534,
        "Weekly High": 31100.966460643132,
        "Weekly Low": 30041.033539356864
    },
    "qqq_data": {
        "spot": 740.6199951171875,
        "flip": 738.9772578279777,
        "daily_em": 5.8322425232873965,
        "weekly_em": 12.83908794261861
    }
}