{
    "timestamp": "2026-06-01T13:36:15.043802",
    "levels": {
        "Gamma Flip": 30165.38762867743,
        "Spot Price": 30305.0,
        "Daily High": 30305.019090355592,
        "Daily Low": 30304.980909644408,
        "Weekly High": 30305.042025473613,
        "Weekly Low": 30304.957974526384
    },
    "qqq_data": {
        "spot": 739.14990234375,
        "flip": 735.7447061507437,
        "daily_em": 0.0004656206721902955,
        "weekly_em": 0.001025016489674843
    }
}