{
    "timestamp": "2026-06-30T10:56:55.272403",
    "levels": {
        "Gamma Flip": 0,
        "Spot Price": 30108.75,
        "Daily High": 30108.768966729713,
        "Daily Low": 30108.731033270287,
        "Weekly High": 30108.79175332383,
        "Weekly Low": 30108.708246676168
    },
    "qqq_data": {
        "spot": 724.0800170898438,
        "flip": 0,
        "daily_em": 0.00045612753679312516,
        "weekly_em": 0.0010041183189062593
    }
}