{
    "timestamp": "2026-04-24T09:45:25.071483",
    "levels": {
        "Gamma Flip": 0,
        "Spot Price": 27101.25,
        "Daily High": 27101.267072182793,
        "Daily Low": 27101.23292781721,
        "Weekly High": 27101.287582671735,
        "Weekly Low": 27101.21241732827
    },
    "qqq_data": {
        "spot": 651.4199829101562,
        "flip": 0,
        "daily_em": 0.00041035601758052846,
        "weekly_em": 0.000903356980863248
    }
}