{
    "timestamp": "2026-02-12T08:50:10.505427",
    "levels": {
        "Gamma Flip": 0,
        "Spot Price": 25328.0,
        "Daily High": 25328.01595514029,
        "Daily Low": 25327.984044859713,
        "Weekly High": 25328.035123616428,
        "Weekly Low": 25327.964876383576
    },
    "qqq_data": {
        "spot": 613.1099853515625,
        "flip": 0,
        "daily_em": 0.00038622298751683065,
        "weekly_em": 0.0008502305729553979
    }
}