{
    "timestamp": "2026-05-07T10:24:37.519089",
    "levels": {
        "Gamma Flip": 0,
        "Spot Price": 28717.25,
        "Daily High": 29158.476493886188,
        "Daily Low": 28276.02350611382,
        "Weekly High": 29688.565190511814,
        "Weekly Low": 27745.93480948819
    },
    "qqq_data": {
        "spot": 695.77001953125,
        "flip": 0,
        "daily_em": 10.690165885274341,
        "weekly_em": 23.533311479107574
    }
}