{
    "timestamp": "2026-06-23T11:17:21.124346",
    "levels": {
        "Gamma Flip": 29785.415557843095,
        "Spot Price": 29815.5,
        "Daily High": 29816.435862651677,
        "Daily Low": 29814.564137348327,
        "Weekly High": 29817.56020631671,
        "Weekly Low": 29813.43979368329
    },
    "qqq_data": {
        "spot": 737.9500122070312,
        "flip": 737.2054057286247,
        "daily_em": 0.023163114998170115,
        "weekly_em": 0.05099123867003833
    }
}