{
    "timestamp": "2026-03-06T08:39:43.579279",
    "levels": {
        "Gamma Flip": 0,
        "Spot Price": 25048.75,
        "Daily High": 25050.30670418341,
        "Daily Low": 25047.193295816593,
        "Weekly High": 25052.176925720534,
        "Weekly Low": 25045.32307427947
    },
    "qqq_data": {
        "spot": 608.9099731445312,
        "flip": 0,
        "daily_em": 0.03784191636365023,
        "weekly_em": 0.08330512494467851
    }
}