{
    "timestamp": "2026-03-31T09:01:23.575969",
    "levels": {
        "Gamma Flip": 0,
        "Spot Price": 23332.75,
        "Daily High": 23332.764698250932,
        "Daily Low": 23332.73530174907,
        "Weekly High": 23332.78235670251,
        "Weekly Low": 23332.717643297492
    },
    "qqq_data": {
        "spot": 558.280029296875,
        "flip": 0,
        "daily_em": 0.00035168336177461557,
        "weekly_em": 0.0007741951044990083
    }
}