{
    "timestamp": "2026-02-16T08:51:03.850514",
    "levels": {
        "Gamma Flip": 25392.40607783208,
        "Spot Price": 24865.0,
        "Daily High": 25212.144074098687,
        "Daily Low": 24517.85592590131,
        "Weekly High": 25629.202324974598,
        "Weekly Low": 24100.7976750254
    },
    "qqq_data": {
        "spot": 601.9199829101562,
        "flip": 614.6871760473128,
        "daily_em": 8.403497090241066,
        "weekly_em": 18.499443007786592
    }
}