{
    "timestamp": "2026-01-26T08:34:53.330817",
    "levels": {
        "Gamma Flip": 0,
        "Spot Price": 25738.25,
        "Daily High": 25744.599577385987,
        "Daily Low": 25731.900422614013,
        "Weekly High": 25752.22794795598,
        "Weekly Low": 25724.272052044023
    },
    "qqq_data": {
        "spot": 622.719970703125,
        "flip": 0,
        "daily_em": 0.15362383393509363,
        "weekly_em": 0.338187224913814
    }
}