{
    "timestamp": "2026-04-23T09:45:15.972555",
    "levels": {
        "Gamma Flip": 0,
        "Spot Price": 26948.5,
        "Daily High": 26948.516975959334,
        "Daily Low": 26948.483024040663,
        "Weekly High": 26948.53737084559,
        "Weekly Low": 26948.462629154405
    },
    "qqq_data": {
        "spot": 655.1099853515625,
        "flip": 0,
        "daily_em": 0.00041268050062747655,
        "weekly_em": 0.000908474093559047
    }
}