{
    "timestamp": "2026-04-28T10:13:51.462010",
    "levels": {
        "Gamma Flip": 0,
        "Spot Price": 27293.5,
        "Daily High": 27293.517193288906,
        "Daily Low": 27293.482806711094,
        "Weekly High": 27293.537849274515,
        "Weekly Low": 27293.462150725485
    },
    "qqq_data": {
        "spot": 664.22998046875,
        "flip": 0,
        "daily_em": 0.00041842555754133406,
        "weekly_em": 0.0009211212512617396
    }
}