{
    "timestamp": "2026-07-06T12:04:36.580342",
    "levels": {
        "Gamma Flip": 29923.88144141907,
        "Spot Price": 29894.5,
        "Daily High": 29901.87491636632,
        "Daily Low": 29887.125083633684,
        "Weekly High": 29910.735127297703,
        "Weekly Low": 29878.2648727023
    },
    "qqq_data": {
        "spot": 712.5999755859375,
        "flip": 713.3003457021097,
        "daily_em": 0.17579706041538787,
        "weekly_em": 0.38699932482485006
    }
}