{
    "timestamp": "2026-03-30T09:13:50.807334",
    "levels": {
        "Gamma Flip": 0,
        "Spot Price": 23440.25,
        "Daily High": 23446.03266515097,
        "Daily Low": 23434.46733484903,
        "Weekly High": 23452.979948406562,
        "Weekly Low": 23427.520051593438
    },
    "qqq_data": {
        "spot": 562.5800170898438,
        "flip": 0,
        "daily_em": 0.13878742161268312,
        "weekly_em": 0.30552637416904593
    }
}