{
    "timestamp": "2026-06-16T12:53:32.773514",
    "levels": {
        "Gamma Flip": 30804.873928932055,
        "Spot Price": 30830.5,
        "Daily High": 30830.57869017384,
        "Daily Low": 30830.421309826157,
        "Weekly High": 30830.673228403677,
        "Weekly Low": 30830.32677159632
    },
    "qqq_data": {
        "spot": 744.0,
        "flip": 743.3815930045068,
        "daily_em": 0.001898947125034788,
        "weekly_em": 0.004180338701512363
    }
}