{
    "timestamp": "2026-04-14T09:19:13.584542",
    "levels": {
        "Gamma Flip": 0,
        "Spot Price": 25667.5,
        "Daily High": 25667.516169005186,
        "Daily Low": 25667.483830994814,
        "Weekly High": 25667.53559441822,
        "Weekly Low": 25667.464405581784
    },
    "qqq_data": {
        "spot": 617.3900146484375,
        "flip": 0,
        "daily_em": 0.0003889191525462597,
        "weekly_em": 0.0008561659056824637
    }
}