{
    "timestamp": "2026-01-29T08:41:13.794360",
    "levels": {
        "Gamma Flip": 0,
        "Spot Price": 26262.75,
        "Daily High": 26262.76654397744,
        "Daily Low": 26262.733456022557,
        "Weekly High": 26262.786419881446,
        "Weekly Low": 26262.713580118554
    },
    "qqq_data": {
        "spot": 633.219970703125,
        "flip": 0,
        "daily_em": 0.000398891087542875,
        "weekly_em": 0.0008781181050068934
    }
}