{
    "timestamp": "2026-02-11T08:52:04.299849",
    "levels": {
        "Gamma Flip": 0,
        "Spot Price": 25251.25,
        "Daily High": 25251.26590679233,
        "Daily Low": 25251.23409320767,
        "Weekly High": 25251.285017183327,
        "Weekly Low": 25251.214982816673
    },
    "qqq_data": {
        "spot": 611.469970703125,
        "flip": 0,
        "daily_em": 0.0003851898753962905,
        "weekly_em": 0.0008479562818371466
    }
}