{
    "timestamp": "2026-03-16T08:58:03.727657",
    "levels": {
        "Gamma Flip": 0,
        "Spot Price": 24502.75,
        "Daily High": 24508.79478188278,
        "Daily Low": 24496.705218117215,
        "Weekly High": 24516.056971696926,
        "Weekly Low": 24489.44302830307
    },
    "qqq_data": {
        "spot": 593.719970703125,
        "flip": 0,
        "daily_em": 0.1464695890196987,
        "weekly_em": 0.32243788334150686
    }
}