{
    "timestamp": "2026-04-10T09:11:21.951479",
    "levels": {
        "Gamma Flip": 0,
        "Spot Price": 25213.75,
        "Daily High": 25213.765883169548,
        "Daily Low": 25213.73411683045,
        "Weekly High": 25213.784965180177,
        "Weekly Low": 25213.71503481982
    },
    "qqq_data": {
        "spot": 610.1900024414062,
        "flip": 0,
        "daily_em": 0.00038438357118044205,
        "weekly_em": 0.0008461812852223029
    }
}