{
    "timestamp": "2026-02-27T08:41:55.108666",
    "levels": {
        "Gamma Flip": 0,
        "Spot Price": 25074.25,
        "Daily High": 25074.265795292813,
        "Daily Low": 25074.234204707187,
        "Weekly High": 25074.284771728493,
        "Weekly Low": 25074.21522827151
    },
    "qqq_data": {
        "spot": 609.239990234375,
        "flip": 0,
        "daily_em": 0.0003837851197418039,
        "weekly_em": 0.0008448638553281614
    }
}