{
    "timestamp": "2026-04-13T09:55:56.289665",
    "levels": {
        "Gamma Flip": 0,
        "Spot Price": 25120.25,
        "Daily High": 25120.26582427009,
        "Daily Low": 25120.23417572991,
        "Weekly High": 25120.28483551901,
        "Weekly Low": 25120.21516448099
    },
    "qqq_data": {
        "spot": 611.0700073242188,
        "flip": 0,
        "daily_em": 0.0003849379221500717,
        "weekly_em": 0.0008474016324252411
    }
}