{
    "timestamp": "2026-02-19T08:45:49.083883",
    "levels": {
        "Gamma Flip": 0,
        "Spot Price": 25024.0,
        "Daily High": 25027.094568452983,
        "Daily Low": 25020.905431547017,
        "Weekly High": 25030.812377289472,
        "Weekly Low": 25017.187622710528
    },
    "qqq_data": {
        "spot": 605.7899780273438,
        "flip": 0,
        "daily_em": 0.07491442435815467,
        "weekly_em": 0.16491647572344978
    }
}