{
    "timestamp": "2026-05-08T09:22:27.468096",
    "levels": {
        "Gamma Flip": 0,
        "Spot Price": 28887.75,
        "Daily High": 28889.545286442408,
        "Daily Low": 28885.95471355759,
        "Weekly High": 28891.702140265814,
        "Weekly Low": 28883.797859734186
    },
    "qqq_data": {
        "spot": 694.9400024414062,
        "flip": 0,
        "daily_em": 0.04318842293604626,
        "weekly_em": 0.09507491466015985
    }
}