{
    "timestamp": "2026-05-15T10:24:04.505169",
    "levels": {
        "Gamma Flip": 0,
        "Spot Price": 29276.0,
        "Daily High": 29279.620387868832,
        "Daily Low": 29272.37961213117,
        "Weekly High": 29283.96991518249,
        "Weekly Low": 29268.030084817514
    },
    "qqq_data": {
        "spot": 719.7899780273438,
        "flip": 0,
        "daily_em": 0.08901212271334956,
        "weekly_em": 0.19595112290215347
    }
}