{
    "timestamp": "2026-03-23T08:57:51.767933",
    "levels": {
        "Gamma Flip": 0,
        "Spot Price": 23944.5,
        "Daily High": 23944.515083617207,
        "Daily Low": 23944.484916382797,
        "Weekly High": 23944.533205047122,
        "Weekly Low": 23944.46679495288
    },
    "qqq_data": {
        "spot": 582.0599975585938,
        "flip": 0,
        "daily_em": 0.00036666333372831005,
        "weekly_em": 0.0008071719871515211
    }
}