{
    "timestamp": "2026-06-17T12:16:30.364952",
    "levels": {
        "Gamma Flip": 30439.171847333186,
        "Spot Price": 30427.25,
        "Daily High": 30431.012756072614,
        "Daily Low": 30423.487243927382,
        "Weekly High": 30435.53332428393,
        "Weekly Low": 30418.966675716067
    },
    "qqq_data": {
        "spot": 729.8599853515625,
        "flip": 730.1459553067824,
        "daily_em": 0.09025742030713411,
        "weekly_em": 0.1986925187301718
    }
}