{
    "timestamp": "2026-02-02T08:44:30.223978",
    "levels": {
        "Gamma Flip": 0,
        "Spot Price": 0,
        "Daily High": 0,
        "Daily Low": 0,
        "Weekly High": 0,
        "Weekly Low": 0
    },
    "qqq_data": {
        "spot": 621.8699951171875,
        "flip": 0,
        "daily_em": 0.07690294392375989,
        "weekly_em": 0.16929399903056228
    }
}