{
    "timestamp": "2026-03-25T08:53:27.548281",
    "levels": {
        "Gamma Flip": 0,
        "Spot Price": 24494.75,
        "Daily High": 24495.518852499106,
        "Daily Low": 24493.981147500894,
        "Weekly High": 24496.44255047463,
        "Weekly Low": 24493.05744952537
    },
    "qqq_data": {
        "spot": 583.97998046875,
        "flip": 0,
        "daily_em": 0.018330232699327965,
        "weekly_em": 0.04035214048380854
    }
}