{
    "timestamp": "2026-05-18T11:44:07.558386",
    "levels": {
        "Gamma Flip": 29115.83046728352,
        "Spot Price": 29123.5,
        "Daily High": 29125.309937593112,
        "Daily Low": 29121.690062406884,
        "Weekly High": 29127.48439328198,
        "Weekly Low": 29119.515606718018
    },
    "qqq_data": {
        "spot": 708.9299926757812,
        "flip": 708.7432993946674,
        "daily_em": 0.04405785858947058,
        "weekly_em": 0.09698888870533913
    }
}