{
    "timestamp": "2026-03-11T08:42:28.004752",
    "levels": {
        "Gamma Flip": 0,
        "Spot Price": 25016.25,
        "Daily High": 25019.343610056825,
        "Daily Low": 25013.15638994317,
        "Weekly High": 25023.06026747793,
        "Weekly Low": 25009.439732522067
    },
    "qqq_data": {
        "spot": 607.77001953125,
        "flip": 0,
        "daily_em": 0.07515928425160061,
        "weekly_em": 0.1654555098416333
    }
}