{
    "timestamp": "2026-03-09T08:46:56.167834",
    "levels": {
        "Gamma Flip": 0,
        "Spot Price": 24336.0,
        "Daily High": 24342.00364497452,
        "Daily Low": 24329.99635502548,
        "Weekly High": 24349.216412982885,
        "Weekly Low": 24322.783587017115
    },
    "qqq_data": {
        "spot": 599.75,
        "flip": 0,
        "daily_em": 0.14795718579338318,
        "weekly_em": 0.32571267613762767
    }
}