{
    "timestamp": "2026-05-25T11:53:16.706658",
    "levels": {
        "Gamma Flip": 29393.521261067894,
        "Spot Price": 29558.75,
        "Daily High": 29916.75958483861,
        "Daily Low": 29200.740415161392,
        "Weekly High": 30346.87164029359,
        "Weekly Low": 28770.628359706418
    },
    "qqq_data": {
        "spot": 717.5399780273438,
        "flip": 713.5290430012404,
        "daily_em": 8.69069868105633,
        "weekly_em": 19.13168806052811
    }
}