{
    "timestamp": "2026-01-27T08:34:52.591003",
    "levels": {
        "Gamma Flip": 0,
        "Spot Price": 25976.5,
        "Daily High": 25976.51636365689,
        "Daily Low": 25976.48363634311,
        "Weekly High": 25976.53602292412,
        "Weekly Low": 25976.46397707588
    },
    "qqq_data": {
        "spot": 625.4600219726562,
        "flip": 0,
        "daily_em": 0.0003940027793220579,
        "weekly_em": 0.0008673569922981716
    }
}