{
    "timestamp": "2026-03-13T08:40:51.475006",
    "levels": {
        "Gamma Flip": 0,
        "Spot Price": 24436.5,
        "Daily High": 24436.515393548074,
        "Daily Low": 24436.484606451926,
        "Weekly High": 24436.53388732836,
        "Weekly Low": 24436.466112671635
    },
    "qqq_data": {
        "spot": 597.260009765625,
        "flip": 0,
        "daily_em": 0.0003762384414009173,
        "weekly_em": 0.0008282506115361864
    }
}