{
    "timestamp": "2026-02-10T08:57:26.433782",
    "levels": {
        "Gamma Flip": 0,
        "Spot Price": 25331.5,
        "Daily High": 25331.51595734508,
        "Daily Low": 25331.484042654916,
        "Weekly High": 25331.535128470052,
        "Weekly Low": 25331.464871529945
    },
    "qqq_data": {
        "spot": 614.3200073242188,
        "flip": 0,
        "daily_em": 0.000386985229712205,
        "weekly_em": 0.0008519085715195711
    }
}