{
    "timestamp": "2026-04-29T10:06:36.665811",
    "levels": {
        "Gamma Flip": 0,
        "Spot Price": 27223.0,
        "Daily High": 27229.715862390756,
        "Daily Low": 27216.284137609247,
        "Weekly High": 27237.784287090446,
        "Weekly Low": 27208.215712909554
    },
    "qqq_data": {
        "spot": 657.5499877929688,
        "flip": 0,
        "daily_em": 0.16221633299261548,
        "weekly_em": 0.35710273650406377
    }
}